{
    "transactionIdentifier": {
        "startPos": 1,
        "fieldLength": 2,
        "constant": "HX"
    },
    "recordIdentifier": {
        "startPos": 3,
        "fieldLength": 1,
        "constant": "R"
    },
    "registrationNumber": {
        "startPos": 4,
        "fieldLength": 12
    },
    "patientLastName": {
        "startPos": 16,
        "fieldLength": 9
    },
    "patientFirstName": {
        "startPos": 25,
        "fieldLength": 5
    },
    "patientSex": {
        "startPos": 30,
        "fieldLength": 1
    },
    "provinceCode": {
        "startPos": 31,
        "fieldLength": 2
    },
    "mohReserved": {
        "startPos": 33,
        "fieldLength": 32
    }
}
