{
    "transactionIdentifier": {
        "startPos": 1,
        "fieldLength": 2,
        "constant": "HX"
    },
    "recordIdentifier": {
        "startPos": 3,
        "fieldLength": 1,
        "constant": "1"
    },
    "techSpecReleaseIdentifier": {
        "startPos": 4,
        "fieldLength": 3,
        "constant": "V03"
    },
    "mohOfficeCode": {
        "startPos": 7,
        "fieldLength": 1,
        "enumerated": ["A","B","C", "H", "K", "L", "M", "S","T"]
    },
    "mohReserved1": {
        "startPos": 8,
        "fieldLength": 10
    },
    "operatorNumber": {
        "startPos": 18,
        "fieldLength": 6
    },
    "groupNumber": {
        "startPos": 24,
        "fieldLength": 4
    },
    "providerNumber": {
        "startPos": 28,
        "fieldLength": 6
    },
    "specialtyCode": {
        "startPos": 34,
        "fieldLength": 2
    },
    "stationNumber": {
        "startPos": 36,
        "fieldLength": 3
    },
    "claimProcessDate": {
        "startPos": 39,
        "fieldLength": 8,
        "format": "D"
    },
    "mohReserved2": {
        "startPos": 47,
        "fieldLength": 33
    }
}
